user_profile_introduce_id,interest_id
f5b8a9d2-1c3e-4f6a-9b8d-0e1f2a3b4c5d,8f2a9b3c-1d4e-4f5a-9e6b-7c8d9e0f1234
f5b8a9d2-1c3e-4f6a-9b8d-0e1f2a3b4c5d,a1b2c3d4-e5f6-7890-abcd-ef1234567890
f5b8a9d2-1c3e-4f6a-9b8d-0e1f2a3b4c5d,b7c8d9e0-f1a2-3b4c-5d6e-7f8a9b0c1d2e
f5b8a9d2-1c3e-4f6a-9b8d-0e1f2a3b4c5d,c9d0e1f2-a3b4-c5d6-e7f8-a9b0c1d2e3f4
f5b8a9d2-1c3e-4f6a-9b8d-0e1f2a3b4c5d,d0e1f2a3-b4c5-d6e7-f8a9-b0c1d2e3f4a5
f5b8a9d2-1c3e-4f6a-9b8d-0e1f2a3b4c5d,e1f2a3b4-c5d6-e7f8-a9b0-c1d2e3f4a5b6
f5b8a9d2-1c3e-4f6a-9b8d-0e1f2a3b4c5d,f2a3b4c5-d6e7-f8a9-b0c1-d2e3f4a5b6c7
f5b8a9d2-1c3e-4f6a-9b8d-0e1f2a3b4c5d,a3b4c5d6-e7f8-a9b0-c1d2-e3f4a5b6c7d8
f5b8a9d2-1c3e-4f6a-9b8d-0e1f2a3b4c5d,b4c5d6e7-f8a9-b0c1-d2e3-f4a5b6c7d8e9
f5b8a9d2-1c3e-4f6a-9b8d-0e1f2a3b4c5d,c5d6e7f8-a9b0-c1d2-e3f4-a5b6c7d8e9f0
a3c9e8b1-2d4f-5a6b-8c9d-1e2f3a4b5c6d,d6e7f8a9-b0c1-d2e3-f4a5-b6c7d8e9f0a1
a3c9e8b1-2d4f-5a6b-8c9d-1e2f3a4b5c6d,e7f8a9b0-c1d2-e3f4-a5b6-c7d8e9f0a1b2
a3c9e8b1-2d4f-5a6b-8c9d-1e2f3a4b5c6d,f8a9b0c1-d2e3-f4a5-b6c7-d8e9f0a1b2c3
a3c9e8b1-2d4f-5a6b-8c9d-1e2f3a4b5c6d,a9b0c1d2-e3f4-a5b6-c7d8-e9f0a1b2c3d4
a3c9e8b1-2d4f-5a6b-8c9d-1e2f3a4b5c6d,b0c1d2e3-f4a5-b6c7-d8e9-f0a1b2c3d4e5
a3c9e8b1-2d4f-5a6b-8c9d-1e2f3a4b5c6d,c1d2e3f4-a5b6-c7d8-e9f0-a1b2c3d4e5f6
a3c9e8b1-2d4f-5a6b-8c9d-1e2f3a4b5c6d,d2e3f4a5-b6c7-d8e9-f0a1-b2c3d4e5f6a7
a3c9e8b1-2d4f-5a6b-8c9d-1e2f3a4b5c6d,e3f4a5b6-c7d8-e9f0-a1b2-c3d4e5f6a7b8
a3c9e8b1-2d4f-5a6b-8c9d-1e2f3a4b5c6d,f4a5b6c7-d8e9-f0a1-b2c3-d4e5f6a7b8c9
